product_id,product_name,brand,price
1,Risk,Martinez Enterprises,2144.51
2,Black,Gonzalez Corp,577.82
3,Since,Ramirez Ltd.,109.2
4,Put,Gonzalez Corp,242.55
5,Agreement,Whitehead Ltd.,1397.41
6,Sound,Carter Enterprises,2401.18
7,Play,Clark Co.,1943.94
8,Wish,Diaz and Sons,846.32
9,Few,Butler Group,2438.5
10,Decision,Bailey Corp,2885.44
11,Operation,Martinez Enterprises,1257.16
12,Service,Butler Group,1895.24
13,Job,Perry and Sons,2367.67
14,Term,Washington Inc.,1347.54
15,Population,Diaz and Sons,337.68
16,Hear,Gonzalez Corp,633.26
17,Station,Miller and Sons,1842.18
18,Many,Washington Inc.,800.57
19,Certainly,Clark Co.,1788.16
20,It,Stewart and Co.,283.5
21,Such,Perry and Sons,251.23
22,See,Bailey Corp,1890.84
23,House,Perry and Sons,1457.53
24,Third,Washington Inc.,1281.89
25,Name,Simmons and Sons,2119.8
26,Success,Whitehead Ltd.,728.12
27,Worry,Simmons and Sons,257.77
28,Situation,Adams LLC,2838.54
29,Free,Gonzalez Corp,1499.44
30,Instead,Perry and Sons,287.77
31,Firm,Diaz and Sons,2185.33
32,Year,Clark Co.,332.93
33,Better,Perry and Sons,2186.25
34,Interview,Perry and Sons,1089.45
35,Leader,Johnson Group,2033.21
36,Fine,Martinez Enterprises,88.61
37,Early,Smith Inc.,1999.72
38,Civil,Lee Co.,1309.03
39,Enjoy,Lee Co.,2945.47
40,Personal,Adams LLC,1078.88
41,House,Perry and Sons,97.37
42,Majority,Ramirez Ltd.,2259.66
43,Smile,Martinez Enterprises,1838.2
44,Behavior,Perry and Sons,460.75
45,Control,Butler Group,592.45
46,Produce,Carter Enterprises,250.44
47,Simply,Adams LLC,1217.84
48,Painting,Miller and Sons,1627.66
49,Newspaper,Washington Inc.,844.2
50,Provide,Diaz and Sons,1026.94
51,Much,Clark Co.,1527.19
52,Size,Bailey Corp,2113.8
53,Country,Martinez Enterprises,2314.02
54,Away,Simmons and Sons,1040.43
55,Class,Gonzalez Corp,1949.71
56,These,Lee Co.,1548.48
57,Need,Smith Inc.,1370.26
58,Building,Lee Co.,1934.1
59,Morning,Lee Co.,2077.57
60,Later,Martinez Enterprises,1565.32
61,Action,Carter Enterprises,623.37
62,All,Miller and Sons,684.5
63,Rest,Ramirez Ltd.,209.12
64,We,Simmons and Sons,1726.57
65,Enough,Ramirez Ltd.,2368.71
66,Room,Simmons and Sons,496.15
67,Wrong,Smith Inc.,808.59
68,Ask,Whitehead Ltd.,327.47
69,Participant,Johnson Group,2808.61
70,Line,Powell Group,1581.57
71,Leave,Washington Inc.,1559.34
72,Truth,Smith Inc.,106.65
73,Side,Bailey Corp,2997.3
74,Democratic,Adams LLC,837.68
75,Laugh,Diaz and Sons,1446.54
76,Hand,Diaz and Sons,2558.02
77,Huge,Diaz and Sons,743.0
78,Effect,Butler Group,287.05
79,Amount,Martinez Enterprises,2742.16
80,International,Johnson Group,2006.82
81,Do,Gonzalez Corp,1486.04
82,Open,Martinez Enterprises,1573.43
83,Onto,Adams LLC,2058.9
84,Policy,Ramirez Ltd.,1029.61
85,Plant,Bailey Corp,259.79
86,Dinner,Adams LLC,590.82
87,Both,Russell Ltd.,538.09
88,Serve,Butler Group,223.81
89,Maintain,Johnson Group,2121.37
90,There,Simmons and Sons,2729.62
91,Pass,Martinez Enterprises,2973.69
92,Everybody,Whitehead Ltd.,1680.68
93,Fund,Russell Ltd.,2677.25
94,Group,Martinez Enterprises,1717.93
95,Form,Adams LLC,2569.09
96,Impact,Washington Inc.,543.18
97,Spring,Diaz and Sons,1585.75
98,Pass,Carter Enterprises,1011.59
99,Hand,Gonzalez Corp,960.84
100,Gun,Johnson Group,2811.59
101,Behind,Smith Inc.,237.95
102,Program,Ramirez Ltd.,1302.44
103,They,Clark Co.,2053.88
104,Picture,Butler Group,2884.8
105,New,Powell Group,2937.74
106,Claim,Butler Group,86.85
107,Simple,Ramirez Ltd.,2556.83
108,Current,Butler Group,2701.95
109,Bank,Miller and Sons,1702.81
110,Mission,Washington Inc.,1145.67
111,Back,Gonzalez Corp,395.97
112,Cold,Bailey Corp,794.68
113,Product,Gonzalez Corp,2761.5
114,Road,Adams LLC,868.73
115,Kitchen,Washington Inc.,1145.6
116,Act,Miller and Sons,1035.43
117,Former,Miller and Sons,1881.71
118,Some,Bailey Corp,1840.09
119,Answer,Johnson Group,1838.96
120,Alone,Gonzalez Corp,1751.28
121,Opportunity,Ramirez Ltd.,2645.32
122,Rule,Butler Group,2922.49
123,Office,Smith Inc.,2227.13
124,Information,Russell Ltd.,1074.21
125,Recent,Johnson Group,1540.04
126,None,Stewart and Co.,1493.99
127,Drop,Gonzalez Corp,2881.0
128,Sure,Lee Co.,2838.87
129,Because,Miller and Sons,1784.68
130,Early,Simmons and Sons,2657.95
131,Wrong,Smith Inc.,1488.92
132,Left,Diaz and Sons,1283.73
133,Finish,Gonzalez Corp,2021.27
134,Any,Butler Group,926.61
135,Yeah,Gonzalez Corp,428.68
136,Respond,Perry and Sons,1522.48
137,Half,Ramirez Ltd.,832.28
138,Address,Butler Group,1606.4
139,Thank,Washington Inc.,1402.65
140,New,Ramirez Ltd.,2965.1
141,Whom,Carter Enterprises,650.06
142,Policy,Johnson Group,1676.78
143,Present,Clark Co.,200.92
144,Power,Carter Enterprises,388.52
145,Bad,Whitehead Ltd.,2602.83
146,Table,Bailey Corp,1875.93
147,Environmental,Powell Group,116.65
148,Environment,Carter Enterprises,2120.95
149,Success,Bailey Corp,2423.21
150,Require,Miller and Sons,666.45
151,Community,Carter Enterprises,2331.6
152,Hold,Russell Ltd.,181.84
153,Its,Butler Group,516.36
154,Arm,Johnson Group,2018.48
155,Away,Butler Group,2919.54
156,Bar,Stewart and Co.,710.23
157,At,Gonzalez Corp,657.39
158,Power,Clark Co.,2044.62
159,Meet,Johnson Group,2969.84
160,Increase,Powell Group,1413.05
161,Thought,Adams LLC,1588.98
162,Story,Gonzalez Corp,1353.58
163,Situation,Johnson Group,726.17
164,Statement,Carter Enterprises,2830.86
165,Mrs,Washington Inc.,2175.5
166,Hospital,Butler Group,1631.31
167,Suggest,Butler Group,2481.56
168,Herself,Butler Group,2338.21
169,Cell,Smith Inc.,2610.06
170,Could,Diaz and Sons,2238.86
171,Attack,Stewart and Co.,2972.8
172,For,Carter Enterprises,508.13
173,Someone,Stewart and Co.,2986.92
174,Enter,Ramirez Ltd.,1391.1
175,Past,Simmons and Sons,273.9
176,Father,Smith Inc.,574.67
177,Family,Bailey Corp,1560.24
178,Into,Martinez Enterprises,1924.28
179,Parent,Bailey Corp,2283.22
180,Music,Miller and Sons,2909.87
181,Meeting,Johnson Group,307.29
182,Strategy,Adams LLC,948.58
183,Different,Ramirez Ltd.,1657.48
184,End,Russell Ltd.,454.95
185,Book,Diaz and Sons,2736.39
186,Research,Butler Group,587.18
187,Natural,Russell Ltd.,925.78
188,About,Butler Group,701.32
189,Account,Diaz and Sons,1372.66
190,Many,Bailey Corp,2827.84
191,Million,Ramirez Ltd.,1730.85
192,Agree,Butler Group,112.18
193,Hair,Johnson Group,545.92
194,Skill,Whitehead Ltd.,2824.58
195,Admit,Bailey Corp,78.8
196,Happen,Powell Group,407.17
197,Large,Russell Ltd.,2417.2
198,Language,Butler Group,1252.92
199,Nor,Miller and Sons,1380.13
200,Especially,Whitehead Ltd.,2766.96
201,Something,Diaz and Sons,2841.76
202,Visit,Washington Inc.,778.64
203,Side,Simmons and Sons,2602.86
204,Security,Bailey Corp,2667.9
205,Bag,Russell Ltd.,1309.39
206,Step,Adams LLC,1459.62
207,Treat,Lee Co.,11.82
208,Two,Lee Co.,2589.26
209,Character,Simmons and Sons,79.05
210,Contain,Bailey Corp,93.35
211,East,Adams LLC,1001.59
212,Family,Adams LLC,112.05
213,Across,Carter Enterprises,1598.48
214,Interview,Stewart and Co.,616.46
215,Recent,Miller and Sons,2265.22
216,Direction,Washington Inc.,255.06
217,Strong,Johnson Group,1145.2
218,Top,Johnson Group,2377.05
219,Certain,Clark Co.,767.94
220,Case,Bailey Corp,2606.07
221,Perhaps,Stewart and Co.,592.68
222,Nation,Carter Enterprises,577.99
223,Officer,Washington Inc.,2332.88
224,Organization,Johnson Group,897.48
225,So,Stewart and Co.,1878.96
226,Beyond,Smith Inc.,1275.06
227,Recognize,Simmons and Sons,2603.91
228,Try,Ramirez Ltd.,1249.58
229,South,Carter Enterprises,2861.16
230,Employee,Stewart and Co.,1016.51
231,Major,Smith Inc.,342.07
232,Various,Martinez Enterprises,2376.33
233,General,Perry and Sons,375.06
234,General,Martinez Enterprises,741.06
235,Election,Perry and Sons,877.09
236,Dark,Bailey Corp,2618.92
237,Fly,Stewart and Co.,169.84
238,Good,Bailey Corp,242.45
239,Age,Martinez Enterprises,1805.72
240,Whatever,Adams LLC,2675.42
241,Mr,Martinez Enterprises,1213.51
242,Idea,Lee Co.,2465.08
243,Product,Smith Inc.,2722.79
244,Prepare,Perry and Sons,2298.68
245,Painting,Russell Ltd.,1243.22
246,Baby,Lee Co.,941.99
247,Staff,Martinez Enterprises,1860.56
248,Suddenly,Russell Ltd.,917.97
249,Where,Carter Enterprises,2833.83
250,Interest,Lee Co.,1372.92
251,Trip,Martinez Enterprises,847.08
252,Phone,Clark Co.,579.39
253,Stop,Stewart and Co.,952.55
254,Write,Johnson Group,218.73
255,What,Carter Enterprises,843.13
256,Computer,Ramirez Ltd.,2360.31
257,Firm,Perry and Sons,2714.16
258,Price,Carter Enterprises,752.42
259,Lot,Johnson Group,2661.53
260,Begin,Miller and Sons,717.53
261,Similar,Butler Group,97.19
262,Foreign,Diaz and Sons,96.14
263,Bit,Adams LLC,978.28
264,Arm,Washington Inc.,2069.13
265,Fund,Stewart and Co.,2160.07
266,School,Russell Ltd.,2984.8
267,Focus,Diaz and Sons,2827.45
268,Become,Smith Inc.,621.72
269,Stop,Carter Enterprises,2725.45
270,Street,Clark Co.,1485.78
271,Ever,Stewart and Co.,1741.13
272,Mention,Carter Enterprises,186.88
273,Page,Adams LLC,971.23
274,Game,Simmons and Sons,1169.7
275,Hit,Perry and Sons,946.27
276,Somebody,Martinez Enterprises,2370.51
277,Stand,Clark Co.,1386.63
278,Full,Perry and Sons,2930.19
279,The,Bailey Corp,460.29
280,Sea,Butler Group,2679.68
281,Book,Diaz and Sons,2409.14
282,Image,Carter Enterprises,1291.13
283,Artist,Martinez Enterprises,527.16
284,Civil,Adams LLC,1053.1
285,Must,Russell Ltd.,972.84
286,Study,Ramirez Ltd.,205.37
287,Me,Butler Group,1131.45
288,Job,Smith Inc.,1105.25
289,Responsibility,Powell Group,2383.87
290,Ask,Butler Group,2414.05
291,Name,Ramirez Ltd.,1095.22
292,Have,Gonzalez Corp,1599.19
293,I,Gonzalez Corp,2911.41
294,Wide,Stewart and Co.,454.3
295,Event,Diaz and Sons,2257.93
296,Concern,Gonzalez Corp,643.74
297,Would,Clark Co.,2725.14
298,Since,Adams LLC,2705.35
299,Well,Diaz and Sons,1270.66
300,His,Martinez Enterprises,1828.75
301,Week,Simmons and Sons,1756.76
302,You,Washington Inc.,1407.84
303,Rock,Powell Group,2818.04
304,Hair,Lee Co.,1282.32
305,Within,Diaz and Sons,2070.04
306,Song,Butler Group,2835.06
307,This,Lee Co.,2374.62
308,Option,Perry and Sons,2531.74
309,Throw,Washington Inc.,1648.79
310,Design,Smith Inc.,2692.77
311,Herself,Gonzalez Corp,134.48
312,Walk,Martinez Enterprises,998.16
313,Drug,Simmons and Sons,1254.32
314,Discussion,Diaz and Sons,232.44
315,Fire,Gonzalez Corp,2669.5
316,Region,Adams LLC,581.28
317,Agent,Clark Co.,1290.57
318,Structure,Smith Inc.,217.3
319,Each,Martinez Enterprises,990.26
320,Unit,Clark Co.,2446.44
321,Interesting,Butler Group,529.75
322,Age,Russell Ltd.,470.44
323,How,Martinez Enterprises,299.17
324,My,Whitehead Ltd.,481.81
325,Arm,Powell Group,1404.75
326,Film,Simmons and Sons,2309.75
327,Doctor,Bailey Corp,1626.96
328,Party,Ramirez Ltd.,965.36
329,Surface,Perry and Sons,2222.04
330,Interesting,Stewart and Co.,1650.7
331,Almost,Whitehead Ltd.,2237.9
332,Similar,Ramirez Ltd.,2604.44
333,Pick,Diaz and Sons,993.87
334,Them,Perry and Sons,450.52
335,According,Simmons and Sons,628.03
336,Base,Washington Inc.,207.07
337,Foot,Clark Co.,2364.87
338,Beat,Diaz and Sons,921.56
339,Group,Russell Ltd.,1033.37
340,Eat,Diaz and Sons,1702.91
341,Tax,Smith Inc.,1908.02
342,Manage,Clark Co.,532.64
343,I,Simmons and Sons,2997.46
344,Bar,Butler Group,2011.57
345,Chance,Johnson Group,478.74
346,Onto,Smith Inc.,1755.28
347,Firm,Lee Co.,1761.12
348,These,Johnson Group,2879.37
349,Total,Butler Group,936.36
350,Many,Clark Co.,2674.54
351,Western,Washington Inc.,2147.98
352,Bring,Perry and Sons,990.17
353,Result,Diaz and Sons,1358.64
354,Into,Whitehead Ltd.,631.28
355,Receive,Johnson Group,1817.23
356,Dark,Clark Co.,1169.07
357,Discussion,Martinez Enterprises,921.92
358,American,Stewart and Co.,1351.06
359,Pass,Gonzalez Corp,1593.92
360,Have,Perry and Sons,1215.38
361,Bed,Simmons and Sons,1682.33
362,New,Powell Group,2245.15
363,Gun,Ramirez Ltd.,115.81
364,Stage,Powell Group,2762.04
365,Vote,Whitehead Ltd.,682.85
366,Fund,Washington Inc.,1517.21
367,Enough,Washington Inc.,2898.68
368,Same,Johnson Group,312.37
369,Certain,Smith Inc.,1467.28
370,Top,Whitehead Ltd.,2626.95
371,Concern,Martinez Enterprises,2426.57
372,Hard,Lee Co.,1132.23
373,Suddenly,Smith Inc.,2244.36
374,Certainly,Simmons and Sons,2499.47
375,Back,Smith Inc.,1883.38
376,Fly,Adams LLC,611.72
377,Sign,Gonzalez Corp,1581.96
378,Prepare,Smith Inc.,2554.13
379,Success,Smith Inc.,415.78
380,Need,Powell Group,2097.9
381,Across,Johnson Group,2130.48
382,Ago,Adams LLC,470.22
383,Choice,Diaz and Sons,2801.68
384,To,Ramirez Ltd.,1529.73
385,Personal,Bailey Corp,334.19
386,Outside,Clark Co.,938.03
387,Individual,Ramirez Ltd.,1083.11
388,See,Diaz and Sons,1758.14
389,Thus,Simmons and Sons,2512.57
390,Stand,Martinez Enterprises,1274.81
391,Form,Ramirez Ltd.,2694.61
392,Pick,Bailey Corp,1916.95
393,Provide,Ramirez Ltd.,2663.64
394,Age,Diaz and Sons,2066.29
395,Space,Miller and Sons,25.04
396,Perhaps,Martinez Enterprises,2024.72
397,Actually,Stewart and Co.,2885.03
398,Environment,Powell Group,819.33
399,Writer,Martinez Enterprises,2040.32
400,Successful,Miller and Sons,167.84
401,Let,Bailey Corp,1616.12
402,Yeah,Adams LLC,2924.7
403,Similar,Johnson Group,128.27
404,Power,Powell Group,1012.1
405,Seven,Whitehead Ltd.,85.36
406,Boy,Miller and Sons,2375.16
407,At,Martinez Enterprises,439.69
408,Main,Washington Inc.,767.79
409,Institution,Adams LLC,2338.95
410,Officer,Diaz and Sons,540.6
411,Rest,Ramirez Ltd.,2014.8
412,World,Miller and Sons,1141.03
413,Somebody,Bailey Corp,1071.63
414,Third,Clark Co.,2371.49
415,Almost,Russell Ltd.,257.67
416,Wife,Powell Group,1426.72
417,Interest,Whitehead Ltd.,210.45
418,Computer,Whitehead Ltd.,2441.04
419,Travel,Miller and Sons,746.76
420,Design,Clark Co.,2875.81
421,Natural,Washington Inc.,78.27
422,Off,Martinez Enterprises,2063.76
423,Number,Clark Co.,2375.26
424,Toward,Smith Inc.,2140.48
425,Citizen,Martinez Enterprises,1504.59
426,Sense,Diaz and Sons,825.24
427,Word,Smith Inc.,1238.21
428,Spring,Simmons and Sons,2324.58
429,But,Butler Group,476.49
430,Develop,Adams LLC,1688.68
431,Investment,Clark Co.,507.34
432,Step,Smith Inc.,17.14
433,Magazine,Lee Co.,661.72
434,Threat,Whitehead Ltd.,307.89
435,Security,Simmons and Sons,2831.85
436,Describe,Lee Co.,1215.13
437,Brother,Diaz and Sons,1185.31
438,Behavior,Diaz and Sons,2831.0
439,Front,Miller and Sons,2175.05
440,Leader,Perry and Sons,914.59
441,Street,Adams LLC,1663.35
442,May,Simmons and Sons,2659.56
443,Show,Ramirez Ltd.,2305.37
444,Per,Ramirez Ltd.,2319.65
445,Begin,Powell Group,1221.17
446,Bad,Carter Enterprises,1562.72
447,Money,Johnson Group,2659.84
448,Which,Adams LLC,349.92
449,Everyone,Lee Co.,227.35
450,Sell,Perry and Sons,2710.06
451,Future,Diaz and Sons,1072.26
452,Scientist,Carter Enterprises,490.37
453,Pull,Smith Inc.,2132.86
454,Out,Washington Inc.,654.35
455,Yes,Carter Enterprises,1194.68
456,Story,Johnson Group,2206.92
457,Fund,Diaz and Sons,1324.38
458,Mention,Ramirez Ltd.,379.98
459,Seven,Smith Inc.,2183.96
460,Small,Clark Co.,2166.81
461,Especially,Miller and Sons,68.86
462,Near,Smith Inc.,1155.99
463,Difficult,Powell Group,1580.69
464,Chance,Adams LLC,1326.9
465,Travel,Stewart and Co.,474.06
466,Responsibility,Russell Ltd.,1062.13
467,Situation,Martinez Enterprises,2229.22
468,Health,Martinez Enterprises,2541.0
469,Factor,Gonzalez Corp,211.26
470,Big,Miller and Sons,471.32
471,Fight,Bailey Corp,2886.91
472,Pressure,Perry and Sons,1235.06
473,Tell,Simmons and Sons,2911.59
474,Cultural,Powell Group,2145.73
475,Stage,Whitehead Ltd.,1447.64
476,Final,Washington Inc.,570.08
477,Teacher,Adams LLC,770.9
478,Policy,Whitehead Ltd.,226.47
479,Quite,Butler Group,2456.66
480,Share,Butler Group,398.32
481,Civil,Smith Inc.,1014.81
482,Tell,Butler Group,551.23
483,How,Whitehead Ltd.,101.24
484,Those,Lee Co.,1995.74
485,Maybe,Martinez Enterprises,641.06
486,Throw,Johnson Group,2676.27
487,Blue,Powell Group,2395.41
488,Simple,Carter Enterprises,1749.25
489,Right,Miller and Sons,2239.13
490,Side,Martinez Enterprises,2189.26
491,Half,Clark Co.,883.16
492,Course,Simmons and Sons,1959.0
493,Address,Simmons and Sons,1904.02
494,By,Simmons and Sons,1421.2
495,Type,Martinez Enterprises,154.21
496,Effect,Smith Inc.,261.48
497,Among,Diaz and Sons,2968.28
498,Between,Martinez Enterprises,19.53
499,Decision,Miller and Sons,1323.95
500,Sister,Diaz and Sons,1289.92
501,Feel,Simmons and Sons,2265.16
502,Arm,Powell Group,1176.04
503,However,Russell Ltd.,726.43
504,Police,Adams LLC,2317.63
505,Fall,Johnson Group,2323.04
506,Begin,Gonzalez Corp,2780.96
507,What,Lee Co.,2720.19
508,Relationship,Powell Group,1997.38
509,Away,Gonzalez Corp,2781.54
510,Nature,Russell Ltd.,1445.78
511,Capital,Lee Co.,2784.63
512,Administration,Martinez Enterprises,1451.56
513,Adult,Gonzalez Corp,2405.84
514,Song,Perry and Sons,2329.86
515,Republican,Gonzalez Corp,2847.48
516,Product,Miller and Sons,2019.82
517,Available,Perry and Sons,854.65
518,Wind,Simmons and Sons,2663.98
519,Beyond,Ramirez Ltd.,491.18
520,Recently,Whitehead Ltd.,2551.91
521,Series,Smith Inc.,2487.21
522,Executive,Miller and Sons,995.67
523,Career,Perry and Sons,2756.2
524,Take,Clark Co.,2723.15
525,Fire,Stewart and Co.,2736.2
526,Level,Adams LLC,2191.67
527,Amount,Stewart and Co.,2727.83
528,Memory,Perry and Sons,1951.3
529,Today,Miller and Sons,2157.94
530,Manager,Ramirez Ltd.,2462.64
531,Must,Simmons and Sons,1890.42
532,Likely,Bailey Corp,2436.47
533,Culture,Bailey Corp,2511.53
534,Less,Smith Inc.,2729.16
535,Hold,Adams LLC,1969.43
536,Call,Bailey Corp,2759.65
537,Half,Smith Inc.,1325.74
538,Pay,Adams LLC,2633.2
539,Fact,Diaz and Sons,1361.43
540,Set,Powell Group,16.49
541,Look,Adams LLC,1437.3
542,Read,Whitehead Ltd.,2796.91
543,Address,Stewart and Co.,1198.73
544,Simple,Martinez Enterprises,2946.97
545,Forward,Bailey Corp,1638.1
546,Land,Johnson Group,1010.99
547,Thank,Carter Enterprises,718.48
548,Toward,Russell Ltd.,156.98
549,Discussion,Smith Inc.,1676.54
550,Then,Gonzalez Corp,2062.76
551,Brother,Perry and Sons,905.59
552,Between,Miller and Sons,2752.14
553,Stand,Washington Inc.,553.29
554,Lose,Clark Co.,2159.67
555,Sea,Butler Group,1854.12
556,Kid,Martinez Enterprises,2788.9
557,Beat,Gonzalez Corp,2973.67
558,Story,Clark Co.,397.02
559,Bank,Martinez Enterprises,2304.8
560,Money,Miller and Sons,1384.77
561,Population,Clark Co.,2061.48
562,See,Clark Co.,1967.98
563,Agency,Lee Co.,1724.04
564,Congress,Perry and Sons,872.19
565,Activity,Adams LLC,2047.3
566,Game,Russell Ltd.,1021.98
567,Drop,Clark Co.,1610.26
568,Crime,Lee Co.,2670.22
569,Free,Johnson Group,1571.07
570,Its,Bailey Corp,1251.06
571,Hotel,Miller and Sons,1791.4
572,Follow,Stewart and Co.,1001.13
573,Election,Gonzalez Corp,275.39
574,Leader,Carter Enterprises,2202.26
575,End,Powell Group,1323.79
576,Inside,Perry and Sons,496.31
577,Professor,Stewart and Co.,2588.05
578,Concern,Russell Ltd.,2844.19
579,Wish,Diaz and Sons,947.91
580,Yeah,Ramirez Ltd.,2960.63
581,Election,Ramirez Ltd.,1260.49
582,Police,Smith Inc.,1943.76
583,Everyone,Powell Group,855.31
584,Everything,Butler Group,268.61
585,Small,Whitehead Ltd.,1842.88
586,Glass,Perry and Sons,390.11
587,Blood,Powell Group,552.56
588,Different,Clark Co.,2264.97
589,Agreement,Washington Inc.,352.52
590,Success,Diaz and Sons,227.64
591,International,Ramirez Ltd.,119.21
592,Talk,Adams LLC,1322.86
593,Understand,Gonzalez Corp,2156.57
594,Than,Washington Inc.,2981.15
595,Free,Washington Inc.,2859.56
596,Party,Diaz and Sons,182.07
597,Consumer,Adams LLC,1416.04
598,Record,Butler Group,1158.49
599,Foreign,Johnson Group,2345.08
600,Help,Whitehead Ltd.,540.21
601,Television,Martinez Enterprises,817.19
602,Experience,Miller and Sons,1496.34
603,Reveal,Adams LLC,1258.02
604,Animal,Bailey Corp,2126.5
605,Four,Adams LLC,113.29
606,Wide,Stewart and Co.,71.81
607,Person,Diaz and Sons,140.23
608,Learn,Ramirez Ltd.,115.83
609,Walk,Perry and Sons,2127.12
610,Also,Johnson Group,618.09
611,When,Lee Co.,2842.28
612,Pretty,Ramirez Ltd.,2353.91
613,Throughout,Carter Enterprises,2973.26
614,Nothing,Whitehead Ltd.,249.4
615,Responsibility,Bailey Corp,1913.08
616,Instead,Whitehead Ltd.,1331.51
617,Particularly,Smith Inc.,611.36
618,Candidate,Powell Group,2316.86
619,Rather,Powell Group,2688.8
620,Hit,Smith Inc.,2322.14
621,Test,Washington Inc.,2136.24
622,Board,Simmons and Sons,740.3
623,General,Whitehead Ltd.,1902.31
624,Animal,Gonzalez Corp,2709.74
625,Difficult,Perry and Sons,234.04
626,Capital,Stewart and Co.,35.17
627,Kind,Johnson Group,1742.61
628,Morning,Powell Group,2519.24
629,Back,Bailey Corp,702.27
630,Moment,Miller and Sons,1064.26
631,Candidate,Diaz and Sons,476.23
632,International,Martinez Enterprises,389.89
633,Bad,Russell Ltd.,1153.67
634,Store,Stewart and Co.,2949.98
635,Themselves,Whitehead Ltd.,2928.21
636,Since,Whitehead Ltd.,417.79
637,Amount,Whitehead Ltd.,1616.14
638,Writer,Lee Co.,69.11
639,At,Washington Inc.,626.58
640,Thought,Miller and Sons,742.29
641,Then,Lee Co.,1113.77
642,Cup,Clark Co.,2293.29
643,Fast,Whitehead Ltd.,1501.17
644,Billion,Johnson Group,2372.53
645,Watch,Washington Inc.,837.95
646,Deal,Stewart and Co.,2913.3
647,Individual,Whitehead Ltd.,2736.7
648,Will,Adams LLC,2110.2
649,Individual,Whitehead Ltd.,648.52
650,Reach,Smith Inc.,522.85
651,Opportunity,Martinez Enterprises,2754.66
652,Employee,Smith Inc.,918.69
653,Ability,Diaz and Sons,1601.94
654,Sell,Russell Ltd.,1814.39
655,Wish,Smith Inc.,2536.01
656,Authority,Clark Co.,1323.31
657,This,Martinez Enterprises,2316.12
658,Teacher,Ramirez Ltd.,12.68
659,Kind,Simmons and Sons,86.04
660,Step,Diaz and Sons,665.68
661,Stage,Clark Co.,1559.94
662,Pull,Diaz and Sons,2292.22
663,Truth,Perry and Sons,2297.37
664,Food,Washington Inc.,1844.99
665,Here,Clark Co.,2622.3
666,Tonight,Carter Enterprises,2305.14
667,Face,Diaz and Sons,1789.33
668,Always,Adams LLC,962.22
669,Own,Simmons and Sons,1103.68
670,Real,Miller and Sons,2127.64
671,Blood,Simmons and Sons,1944.32
672,Order,Russell Ltd.,2723.74
673,Sure,Adams LLC,2804.89
674,Artist,Bailey Corp,410.87
675,Send,Miller and Sons,1908.18
676,Prevent,Gonzalez Corp,229.09
677,Local,Russell Ltd.,660.41
678,Order,Smith Inc.,931.28
679,Participant,Butler Group,835.18
680,Hour,Russell Ltd.,2149.85
681,White,Adams LLC,1225.29
682,Sit,Washington Inc.,1058.61
683,Art,Lee Co.,2498.62
684,Region,Gonzalez Corp,362.21
685,Baby,Whitehead Ltd.,1780.34
686,Positive,Smith Inc.,372.37
687,Too,Gonzalez Corp,626.05
688,Picture,Martinez Enterprises,328.33
689,Us,Johnson Group,924.3
690,Pick,Diaz and Sons,869.49
691,Their,Perry and Sons,1467.9
692,Watch,Bailey Corp,2875.75
693,Contain,Perry and Sons,1960.89
694,Those,Adams LLC,163.53
695,Night,Ramirez Ltd.,1784.01
696,Paper,Whitehead Ltd.,1098.6
697,Free,Russell Ltd.,2995.96
698,Sister,Stewart and Co.,1563.76
699,Institution,Whitehead Ltd.,375.7
700,Book,Clark Co.,1419.97
701,Catch,Johnson Group,2321.73
702,Sell,Washington Inc.,281.48
703,She,Adams LLC,2094.02
704,Ok,Adams LLC,157.15
705,Put,Perry and Sons,493.66
706,Remain,Martinez Enterprises,1565.43
707,There,Clark Co.,45.34
708,Require,Powell Group,2406.41
709,Next,Martinez Enterprises,241.02
710,Price,Lee Co.,627.83
711,Maintain,Whitehead Ltd.,1205.79
712,Sense,Johnson Group,788.56
713,Ok,Diaz and Sons,969.54
714,Pull,Adams LLC,1376.36
715,Bit,Russell Ltd.,2802.36
716,Organization,Lee Co.,495.68
717,Nearly,Miller and Sons,159.71
718,Take,Powell Group,2908.21
719,Late,Martinez Enterprises,1676.75
720,Inside,Ramirez Ltd.,605.35
721,Power,Ramirez Ltd.,390.92
722,Sort,Russell Ltd.,2633.09
723,Young,Washington Inc.,1135.02
724,Use,Butler Group,627.11
725,Outside,Powell Group,1352.82
726,Camera,Whitehead Ltd.,155.34
727,Around,Bailey Corp,833.41
728,Church,Washington Inc.,294.09
729,Loss,Simmons and Sons,1371.64
730,Interview,Powell Group,2351.88
731,Husband,Lee Co.,1496.15
732,Kind,Washington Inc.,1643.09
733,Together,Martinez Enterprises,2334.06
734,Reflect,Carter Enterprises,722.12
735,Manager,Gonzalez Corp,2003.1
736,Show,Whitehead Ltd.,204.52
737,Hot,Russell Ltd.,386.21
738,Half,Smith Inc.,1131.46
739,Avoid,Smith Inc.,1345.68
740,Character,Miller and Sons,940.12
741,Discover,Ramirez Ltd.,2056.67
742,Military,Johnson Group,1506.33
743,A,Clark Co.,1435.38
744,Teacher,Washington Inc.,190.99
745,Need,Diaz and Sons,2889.02
746,Receive,Adams LLC,1740.43
747,Build,Johnson Group,2657.2
748,Fear,Adams LLC,1779.81
749,Citizen,Gonzalez Corp,1017.12
750,Try,Johnson Group,2646.42
751,Ball,Russell Ltd.,56.52
752,Vote,Carter Enterprises,2980.65
753,Partner,Stewart and Co.,59.18
754,Themselves,Washington Inc.,119.59
755,Only,Miller and Sons,2979.32
756,Politics,Russell Ltd.,2984.1
757,Serious,Carter Enterprises,783.54
758,Sport,Lee Co.,1131.02
759,Theory,Whitehead Ltd.,1547.26
760,Citizen,Clark Co.,1011.97
761,A,Smith Inc.,245.19
762,Hear,Stewart and Co.,188.47
763,Trouble,Lee Co.,2432.02
764,Prove,Smith Inc.,1451.63
765,Teacher,Powell Group,1712.22
766,Charge,Johnson Group,1271.8
767,Pretty,Carter Enterprises,731.64
768,Paper,Russell Ltd.,1730.41
769,Receive,Powell Group,2323.53
770,Instead,Ramirez Ltd.,2351.69
771,Upon,Lee Co.,2452.28
772,International,Stewart and Co.,2429.89
773,The,Washington Inc.,2425.56
774,Thank,Ramirez Ltd.,340.17
775,Possible,Whitehead Ltd.,712.24
776,Economic,Gonzalez Corp,1129.16
777,Someone,Simmons and Sons,692.79
778,Week,Washington Inc.,304.64
779,Man,Whitehead Ltd.,621.77
780,Consumer,Carter Enterprises,2189.65
781,Law,Martinez Enterprises,1392.7
782,Thought,Gonzalez Corp,557.38
783,Red,Butler Group,2739.4
784,Animal,Ramirez Ltd.,2155.05
785,Scene,Carter Enterprises,2208.05
786,Our,Bailey Corp,1055.87
787,Whole,Simmons and Sons,2007.0
788,Its,Gonzalez Corp,1990.45
789,Certainly,Whitehead Ltd.,297.72
790,Despite,Butler Group,2091.57
791,Impact,Miller and Sons,2098.27
792,Role,Whitehead Ltd.,1480.01
793,Imagine,Russell Ltd.,130.23
794,Send,Powell Group,2205.41
795,However,Carter Enterprises,2001.09
796,Point,Diaz and Sons,1219.45
797,Serve,Johnson Group,2347.5
798,Toward,Butler Group,2306.17
799,Million,Washington Inc.,603.55
800,Reach,Lee Co.,1377.77
801,Owner,Carter Enterprises,2938.44
802,Little,Whitehead Ltd.,1801.76
803,Serious,Martinez Enterprises,2787.44
804,Also,Clark Co.,2602.58
805,Although,Lee Co.,2305.21
806,Happen,Bailey Corp,2656.99
807,Cost,Stewart and Co.,17.24
808,Social,Clark Co.,2.75
809,Word,Lee Co.,1732.41
810,Drive,Powell Group,2883.66
811,New,Powell Group,1415.55
812,Bank,Lee Co.,2007.85
813,Plan,Powell Group,1146.6
814,Well,Diaz and Sons,1724.8
815,World,Adams LLC,492.94
816,Return,Smith Inc.,2169.15
817,Candidate,Russell Ltd.,379.35
818,Especially,Martinez Enterprises,1844.32
819,Within,Simmons and Sons,1877.47
820,National,Gonzalez Corp,469.47
821,Offer,Johnson Group,1968.34
822,Run,Carter Enterprises,2222.65
823,Space,Martinez Enterprises,295.47
824,Simply,Stewart and Co.,2224.66
825,Girl,Johnson Group,2093.69
826,Help,Clark Co.,634.33
827,Unit,Washington Inc.,1978.88
828,Detail,Diaz and Sons,1517.35
829,Sound,Miller and Sons,2900.82
830,Television,Russell Ltd.,634.37
831,Evidence,Martinez Enterprises,83.13
832,Per,Gonzalez Corp,2456.77
833,List,Clark Co.,1577.1
834,Police,Gonzalez Corp,2973.8
835,Politics,Washington Inc.,2099.19
836,Thousand,Simmons and Sons,1735.57
837,This,Bailey Corp,978.59
838,Fact,Martinez Enterprises,1133.61
839,Water,Washington Inc.,834.7
840,Management,Clark Co.,1709.48
841,Property,Whitehead Ltd.,2953.83
842,Seem,Smith Inc.,365.77
843,Wall,Gonzalez Corp,2708.32
844,Power,Carter Enterprises,2406.82
845,Peace,Perry and Sons,2657.32
846,Available,Perry and Sons,1040.53
847,Talk,Lee Co.,2288.34
848,Continue,Lee Co.,2758.84
849,We,Perry and Sons,1749.29
850,Friend,Butler Group,293.73
851,Eye,Russell Ltd.,2913.18
852,Appear,Carter Enterprises,2729.69
853,Right,Whitehead Ltd.,847.19
854,Second,Martinez Enterprises,1842.48
855,Eat,Martinez Enterprises,2960.87
856,Today,Clark Co.,25.11
857,Class,Adams LLC,1903.26
858,Fight,Powell Group,2329.38
859,From,Adams LLC,1644.58
860,Speak,Butler Group,45.49
861,Bag,Perry and Sons,1918.53
862,Official,Gonzalez Corp,1150.78
863,Drive,Whitehead Ltd.,525.02
864,Debate,Smith Inc.,810.25
865,Body,Russell Ltd.,1365.17
866,Step,Martinez Enterprises,196.91
867,Young,Adams LLC,1808.49
868,Receive,Smith Inc.,166.58
869,Create,Clark Co.,91.81
870,Majority,Butler Group,2728.42
871,Remain,Miller and Sons,1143.74
872,Trouble,Diaz and Sons,2723.07
873,Would,Smith Inc.,2180.36
874,Investment,Butler Group,1200.27
875,Four,Stewart and Co.,2226.83
876,Keep,Washington Inc.,440.98
877,Write,Martinez Enterprises,374.46
878,Leader,Diaz and Sons,2254.51
879,Keep,Butler Group,566.9
880,Sister,Diaz and Sons,2878.62
881,Herself,Powell Group,2095.78
882,Very,Simmons and Sons,527.83
883,Dream,Smith Inc.,2440.69
884,Purpose,Carter Enterprises,657.76
885,Determine,Butler Group,606.93
886,Throw,Diaz and Sons,1338.2
887,Subject,Powell Group,140.74
888,Finally,Bailey Corp,408.56
889,A,Miller and Sons,2852.31
890,Give,Johnson Group,1155.73
891,Home,Lee Co.,927.72
892,A,Smith Inc.,702.25
893,Bank,Carter Enterprises,2302.6
894,Know,Diaz and Sons,146.48
895,Again,Powell Group,905.61
896,Boy,Perry and Sons,1570.3
897,Base,Butler Group,1447.9
898,None,Bailey Corp,503.04
899,Option,Martinez Enterprises,1287.04
900,Whose,Adams LLC,1777.06
901,Chair,Miller and Sons,1595.06
902,Everybody,Butler Group,958.59
903,Success,Martinez Enterprises,821.16
904,Outside,Adams LLC,2147.31
905,Sense,Diaz and Sons,1093.36
906,Cost,Powell Group,2001.18
907,Site,Carter Enterprises,2409.42
908,Measure,Perry and Sons,2925.46
909,Authority,Adams LLC,1328.44
910,Main,Smith Inc.,1246.47
911,Board,Whitehead Ltd.,2742.24
912,Resource,Lee Co.,1049.2
913,Film,Bailey Corp,1393.8
914,Per,Simmons and Sons,1245.84
915,Particularly,Diaz and Sons,1746.87
916,One,Gonzalez Corp,1825.65
917,Day,Diaz and Sons,1398.45
918,Possible,Powell Group,2445.69
919,System,Miller and Sons,1644.2
920,Her,Martinez Enterprises,2962.18
921,Water,Diaz and Sons,2308.75
922,Although,Stewart and Co.,2452.28
923,Simply,Bailey Corp,1401.07
924,Recent,Martinez Enterprises,633.41
925,Style,Adams LLC,708.3
926,Fight,Russell Ltd.,739.14
927,Also,Perry and Sons,96.96
928,Property,Carter Enterprises,123.46
929,Control,Powell Group,2472.01
930,We,Adams LLC,1712.08
931,Look,Whitehead Ltd.,2769.39
932,System,Miller and Sons,723.18
933,President,Martinez Enterprises,798.81
934,Along,Diaz and Sons,166.25
935,Very,Ramirez Ltd.,1415.34
936,Third,Simmons and Sons,1472.2
937,Drive,Russell Ltd.,2798.67
938,Ok,Powell Group,655.73
939,Soon,Lee Co.,603.01
940,Thought,Stewart and Co.,1404.72
941,Purpose,Martinez Enterprises,510.19
942,Subject,Stewart and Co.,1204.19
943,Course,Martinez Enterprises,2204.22
944,Need,Johnson Group,286.35
945,Financial,Diaz and Sons,2807.51
946,Defense,Perry and Sons,852.33
947,Run,Martinez Enterprises,1276.31
948,Who,Lee Co.,2318.57
949,Million,Stewart and Co.,2707.21
950,Drop,Powell Group,80.22
951,Control,Lee Co.,2847.63
952,Hundred,Ramirez Ltd.,275.89
953,Feel,Johnson Group,651.15
954,Present,Miller and Sons,1639.65
955,Officer,Butler Group,584.79
956,Kitchen,Whitehead Ltd.,685.97
957,Arrive,Johnson Group,1823.75
958,Allow,Bailey Corp,2178.12
959,Individual,Perry and Sons,289.98
960,Rise,Lee Co.,1270.19
961,Response,Powell Group,1504.25
962,Six,Adams LLC,852.17
963,Throughout,Carter Enterprises,2450.25
964,Bad,Bailey Corp,165.32
965,Already,Butler Group,1628.8
966,Thing,Smith Inc.,667.98
967,Political,Stewart and Co.,2739.75
968,Mean,Ramirez Ltd.,837.07
969,Arm,Adams LLC,980.61
970,Explain,Russell Ltd.,2417.93
971,Education,Carter Enterprises,692.91
972,Old,Gonzalez Corp,412.54
973,Couple,Simmons and Sons,440.36
974,Reveal,Miller and Sons,2102.61
975,Get,Diaz and Sons,2633.8
976,Care,Martinez Enterprises,213.67
977,Unit,Adams LLC,1037.47
978,Picture,Johnson Group,1988.69
979,Trouble,Diaz and Sons,687.96
980,Reality,Russell Ltd.,1027.43
981,How,Martinez Enterprises,2215.6
982,Trip,Powell Group,470.55
983,Score,Butler Group,2907.66
984,Thought,Smith Inc.,1660.87
985,Amount,Miller and Sons,1351.45
986,During,Clark Co.,225.8
987,Coach,Carter Enterprises,1969.62
988,Another,Simmons and Sons,672.65
989,Where,Martinez Enterprises,2999.74
990,Almost,Miller and Sons,278.42
991,More,Simmons and Sons,151.32
992,Care,Smith Inc.,2193.13
993,The,Lee Co.,2379.45
994,Decide,Lee Co.,2061.13
995,Community,Martinez Enterprises,1403.21
996,Food,Diaz and Sons,1895.81
997,Image,Perry and Sons,347.1
998,Effort,Perry and Sons,650.3
999,All,Johnson Group,1316.87
1000,Nearly,Carter Enterprises,2640.48
